file_name,text
0001-1-cropped.tif,Imagine a vast sheet of paper on which straight Lines Triangles Squares Pentagons Hexagons and other figures instead of remaining fixed in their places move freely about on or in the surface but without the power of rising above or sinking below it very much like shadows only hard and with luminous edges and you will then have a pretty correct notion of my country and countrymen Alas a few years ago I should have said my universe but now my mind has been opened to higher views of things
0001-2-cropped.tif,And fortune on his damned quarrel smiling Show'd like a rebel's whore but all's too weak For brave Nomacs well he deserves that name Disdaining fortune with his brandish'd steel Which smoked with bloody execution Like valour's minion carved out his passage Till he faced the slave
0001-3-cropped.tif,Mail�fterl is an Austrian nickname for the first computer working solely on transistors on the European mainland It was built in 1955 at the Vienna University of Technology by Heinz Zemanek The builder plays on a quote on an operating computer If it is not the rapid calculation speed of American models that Whirlwind or Typhoon can achieve it will be enough for a Wiener Mail�fterl The full name is Bin�r dezimaler Volltransistor-Rechenautomat
0001-4-cropped.tif,When we look to the individuals of the same variety or sub-variety of our older cultivated plants and animals one of the first points which strikes us is that they generally differ much more from each other than do the individuals of any one species or variety in a state of nature
0001-6-cropped.tif,Werd ich zum Augenblicke sagen Verweile doch du bist so sch�n Dann magst du mich in Fesseln schlagen Dann will ich gern zu Grunde gehn Dann mag die Todtenglocke schallen Dann bist du deines Dienstes frey Die Uhr mag stehn der Zeiger fallen Es sey die Zeit f�r mich vorbey
0001-7-cropped.tif,You have killed my love You used to stir my imagination Now you don't even stir my curiosity You simply produce no effect I loved you because you were marvellous because you had genius and intellect because you realised the dreams of great poets and gave shape and substance to the shadows of art You have thrown it all away You are shallow and stupid
0001-8-cropped.tif,While I gazed this fissure rapidly widened there came a fierce breath of the whirlwind the entire orb of the satellite burst at once upon my sight my brain reeled as I saw the mighty walls rushing asunder there was a long tumultuous shouting sound like the voice of a thousand waters and the deep and dank tarn at my feet closed sullenly and silently over the fragments of the House of Usher
0002-1-cropped.tif,Imagine a vast sheet of paper on which straight Lines Triangles Squares Pentagons Hexagons and other figures instead of remaining fixed in their places move freely about on or in the surface but without the power of rising above or sinking below it very much like shadows only hard and with luminous edges and you will then have a pretty correct notion of my country and countrymen Alas a few years ago I should have said my universe but now my mind has been opened to higher views of things
0002-2-cropped.tif,And fortune on his damned quarrel smiling Show'd like a rebel's whore but all's too weak For brave Nomacs well he deserves that name Disdaining fortune with his brandish'd steel Which smoked with bloody execution Like valour's minion carved out his passage Till he faced the slave
0002-3-cropped.tif,Mail�fterl is an Austrian nickname for the first computer working solely on transistors on the European mainland It was built in 1955 at the Vienna University of Technology by Heinz Zemanek The builder plays on a quote on an operating computer If it is not the rapid calculation speed of American models that Whirlwind or Typhoon can achieve it will be enough for a Wiener Mail�fterl The full name is Bin�r dezimaler Volltransistor-Rechenautomat
0002-4-cropped.tif,When we look to the individuals of the same variety or sub-variety of our older cultivated plants and animals one of the first points which strikes us is that they generally differ much more from each other than do the individuals of any one species or variety in a state of nature
0002-6-cropped.tif,Werd ich zum Augenblicke sagen Verweile doch du bist so sch�n Dann magst du mich Fesseln schlagen Dann will ich gern zu Grunde gehn Dann mag die Todtenglocke schallen Dann bist du deines Dienstes frey Die Uhr mag stehn der Zeiger fallen Es sey die Zeit f�r mich vorbey
0002-7-cropped.tif,You have killed my love You used to stir my imagination Now you don't even stir my curiosity You simply produce no effect I loved you because you were marvellous because you had genius and intellect because you realised the dreams of great poets and gave shape and substance to the shadows of art You have thrown it all away You are shallow and stupid
0002-8-cropped.tif,While I gazed this fissure rapidly widened there came a fierce breath of the whirlwind the entire orb of the satellite burst at once upon my sight my brain reeled as I saw the mighty walls rushing asunder there was a long tumultuous shouting sound like the voice of a thousand waters and the deep and dank tarn at my feet closed sullenly and silently over the fragments of the House of Usher
0003-1-cropped.tif,Imagine a vast sheet of paper on which straight Lines Triangles Squares Pentagons Hexagons and other figures instead of remaining fixed in their places move freely about on or in the surface but without the power of rising above or sinking below it very much like shadows only hard and with luminous edges and you will then have a pretty correct notion of my country and countrymen Alas a few years ago I should have said my universe but now my mind has been opened to higher views of things
0003-2-cropped.tif,And fortune on his damned quarrel smiling Show'd like a rebel's whore but all's too weak For brave Nomacs well he deserves that name Disdaining fortune with his brandish'd steel Which smoked with bloody execution Like valour's minion carved out his passage Till he faced the slave
0003-3-cropped.tif,Mail�fterl is an Austrian nickname for the first computer working solely on transistors on the European mainland It was built in 1955 at the Vienna University of Technology by Heinz Zemanek The builder plays on a quote on an operating computer If it is not the rapid calculation speed of American models that Whirlwind or Typhoon can achieve it will be enough for a Wiener Mail�fterl The full name is Bin�r dezimaler Volltransistor-- Rechenautomat
0003-4-cropped.tif,When we look to the individuals of the same variety or sub-variety of our older cultivated plants and animals one of the first points which strikes us is that they generally differ much more from each other than do the individuals of any one species or variety in a state of nature
0003-6-cropped.tif,Werd ich zum Augenblicke sagen Verweile doch du bist so sch�n Dann magst du mich in Fesseln schlagen Dann will ich gern zu Grunde gehn Dann mag die Todtenglocke schallen Dann bist du deines Dienstes frey Die Uhr mag stehn der Zeiger fallen Es sey die Zeit f�r mich vorbey
0003-7-cropped.tif,You have killed my love You used to stir my imagination Now you don't even stir my curiosity You simply produce no effect I loved you because you were marvellous because you had genius and intellect because you realised the dreams of great poets and gave shape and substance to the shadows of art You have thrown it all away You are shallow and stupid
0003-8-cropped.tif,While I gazed this fissure rapidly widened there came a fierce breath of the whirlwind the entire orb of the satellite burst at once upon my sight my brain reeled as I saw the mighty walls rushing asunder there was a long tumultuous shouting sound like the voice of a thousand waters and the deep and dank tarn at my feet closed sullenly and silently over the fragments of the House of Usher
0004-1-cropped.tif,Imagine a vast sheet of paper on which straight Lines Triangles Squares Pentagons Hexagons and other figures instead of remaining fixed in their places move freely about on or in the surface but without the power of rising above or sinking below it very much like shadows only hard and with luminous edges and you will then have a pretty correct notion of my country and countrymen Alas a few years ago I should have said my universe but now my mind has been opened to higher views of things
0004-2-cropped.tif,And fortune on his damned quarrel smiling Show'd like a rebel's whore but all's too weak For brave Nomacs well he deserves that name Disdaining fortune with his brandish'd steel Which smoked with bloody execution Like valour's minion carved out his passage Till he faced the slave
0004-3-cropped.tif,Mail�fterl is an Austrian nickname for the first computer working solely on transistors on the European mainland It was built in 1955 at the Vienna University of Technology by Heinz Zemanek The builder plays on a quote on an operating computer If it is not the rapid calculation speed of American models that Whirlwind or Typhoon can achieve it will be enough for a Wiener Mail�fterl The full name is Bin�r dezimaler Volltransistor-- Rechenautomat
0004-4-cropped.tif,When we look to the individuals of the same variety or sub-variety of our older cultivated plants and animals one of the first points which strikes us is that they generally differ much more from each other than do the individuals of any one species or variety in a state of nature
0004-6-cropped.tif,Werd ich zum Augenblicke sagen Verweile doch du bist so sch�n Dann magst du mich in Fesseln schlagen Dann will ich gern zu Grunde gehn Dann mag die Todtenglocke schallen Dann bist du deines Dienstes frey Die Uhr mag stehn der Zeiger fallen Es sey die Zeit f�r mich vorbey
0004-7-cropped.tif,You have killed my love You used to stir my imagination Now you don't even stir my curiosity You simply produce no effect I loved you because you were marvellous because you had genius and intellect because you realised the dreams of great poets and gave shape and substance to the shadows of art You have thrown it all away You are shallow and stupid
0004-8-cropped.tif,While I gazed this fissure rapidly widened there came a fierce breath of the whirl- wind the entire orb of the satellite burst at once upon my sight my brain reeled as I saw the mighty walls rushing asunder there was a long tumultuous shouting sound like the voice of a thousand waters and the deep and dank tarn at my feet closed sullenly and silently over the fragments of the House of Usher
0005-1-cropped.tif,Imagine a vast sheet of paper on which straight Lines Triangles Squares Pentagons Hexagons and other figures instead of remaining fixed in their places move freely about on or in the surface but without the power of rising above or sinking below it very much like shadows only hard and with luminous edges and you will then have a pretty correct notion of my country and countrymen Alas a few years ago I should have said my universe but now my mind has been opened to higher views of things
0005-2-cropped.tif,And fortune on his damned quarrel smiling Show'd like a rebel's whore but all's too weak For brave Nomacs well he deserves that name Disdaining fortune with his brandish'd steel Which smoked with bloody execution Like valour's minion carved out his passage Till he faced the slave
0005-3-cropped.tif,Mail�fterl is an Austrian nickname for the first computer working solely on transistors on the European mainland It was built in 1955 at the Vienna University of Technology by Heinz Zemanek The builder plays on a quote on an operating computer If it is not the rapid calculation speed of American models that Whirlwind or Typhoon can achieve it will be enough for a Wiener Mail�fterl The full name is Bin�r dezimaler Volltransistor-Rechenautomat
0005-4-cropped.tif,When we look to the individuals of the same variety or sub-variety of our older cultivated plants and animals one of the first points which strikes us is that they generally differ much more from each other than do the individuals of any one species or variety in a state of nature
0005-6-cropped.tif,Werd ich zum Augenblicke sagen Verweile doch du bist so sch�n Dann magst du mich in Fesseln schlagen Dann will ich gern zu Grunde gehn Dann mag die Todtenglocke schallen Dann bist du deines Dienstes frey Die Uhr mag stehn der Zeiger fallen Es sey die Zeit f�r mich vorbey
0005-7-cropped.tif,You have killed my love You used to stir my imagination Now you don't even stir my curiosity You simply produce no effect I loved you because you were marvellous because you had genius and intellect because you realised the dreams of great poets and gave shape and substance to the shadows of art You have thrown it all away You are shallow and stupid
0005-8-cropped.tif,While I gazed this fissure rapidly widened there came a fierce breath of the whirlwind the entire orb of the satellite burst at once upon my sight my brain reeled as I saw the mighty walls rushing asunder there was a long tumultuous shouting sound like the voice of a thousand waters and the deep and dank tarn at my feet closed sullenly and silently over the fragments of the House of Usher
0006-1-cropped.tif,Imagine a vast sheet of paper on which straight Lines Triangles Squares Pentagons Hexagons and other figures instead of remaining fixed in their places move freely about on or in the surface but without the power of rising above or sinking below it very much like shadows only hard and with luminous edges and you will then have a pretty correct notion of my country and countrymen Alas a few years ago I should have said my universe but now my mind has been opened to higher views of things
0006-2-cropped.tif,And fortune on his damned quarrel smiling Show'd like a rebel's whore but all's too weak For brave Nomacs well he deserves that name Disdaining fortune with his brandish'd steel Which smoked with bloody execution Like valour's minion carved out his passage Till he faced the slave
0006-3-cropped.tif,Mail�fterl is an Austrian nickname for the first computer working solely on transistors on the European mainland It was built in 1955 at the Vienna University of Technology by Heinz Zemanek The builder plays on a quote on an operating computer If it is not the rapid calculation speed of American models that Whirlwind or Typhoon can achieve it will be enough for a Wiener Mail�fterl The full name is Bin�r dezimaler Volltransistor-Rechenautomat
0006-4-cropped.tif,When we look to the individuals of the same variety or sub-variety of our older cultivated plants and animals one of the first points which strikes us is that they generally differ much more from each other than do the individuals of any one species or variety in a state of nature
0006-6-cropped.tif,Werd ich zum Augenblicke sagen Verweile doch du bist so sch�n Dann magst du mich in Fesseln schlagen Dann will ich gern zu Grunde gehn Dann mag die Todtenglocke schallen Dann bist du deines Dienstes frey Die Uhr mag stehn der Zeiger fallen Es sey die Zeit f�r mich vorbey
0006-7-cropped.tif,You have killed my love You used to stir my imagination Now you don't even stir my curiosity You simply produce no effect I loved you because you were marvellous because you had genius and intellect because you realised the dreams of great poets and gave shape and substance to the shadows of art You have thrown it all away You are shallow and stupid
0006-8-cropped.tif,While I gazed this fissure rapidly widened there came a fierce breath of the whirlwind the entire orb of the satellite burst at once upon my sight my brain reeled as I saw the mighty walls rushing asunder there was a long tumultuous shouting sound like the voice of a thousand waters and the deep and dank tarn at my feet closed sullenly and silently over the fragments of the House of Usher
0012-1-cropped.tif,Imagine a vast sheet of paper on which straight Lines Triangles Squares Pentagons Hexagons and other figures instead of remaining fixed in their places move freely about on or in the surface but without the power of rising above or sinking below it very much like shadows only hard and with luminous edges and you will then have a pretty correct notion of my country and countrymen Alas a few years ago I should have said my universe but now my mind has been opened to higher views of things
0012-2-cropped.tif,And fortune on his damned quarrel smiling Show'd like a rebel's whore but all's too weak For brave Nomacs well he deserves that name Disdaining fortune with his brandish'd steel Which smoked with bloody execution Like valour's minion carved out his passage Till he faced the slave
0012-3-cropped.tif,Mail�fterl is an Austrian nickname for the first computer working solely on transistors on the European mainland It was built in 1955 at the Vienna University of Technology by Heinz Zemanek The builder plays on a quote on an operating computer If it is not the rapid calculation speed of American models that Whirlwind or Typhoon can achieve it will be enough for a Wiener Mail�fterl The full name is Bin�r dezimaler Volltransistor-Rechenautomat
0012-4-cropped.tif,When we look to the individuals of the same variety or sub-variety of our older cultivated plants and animals one of the first points which strikes us is that they generally differ much more from each other than do the individuals of any one species or variety in a state of nature
0012-6-cropped.tif,Werd ich zum Augenblicke sagen Verweile doch du bist so sch�n Dann magst du mich in Fesseln schlagen Dann will ich gern zu Grunde gehn Dann mag die Todtenglocke schallen Dann bist du deines Dienstes frey Die Uhr mag stehn der Zeiger fallen Es sey die Zeit f�r mich vorbey
0012-7-cropped.tif,You have killed my love You used to stir my imagination Now you don't even stir my curiosity You simply produce no effect I loved you because you were marvellous because you had genius and intellect because you realised the dreams of great poets and gave shape and substance to the shadows of art You have thrown it all away You are shallow and stupid
0012-8-cropped.tif,While I gazed this fissure rapidly widened there came a fierce breath of the whirlwind the entire orb of the satellite burst at once upon my sight my brain reeled as I saw the mighty walls rushing asunder there was a long tumultuous shouting sound like the voice of a thousand waters and the deep and dank tarn at my feet closed sullenly and silently over the fragments of the House of Usher
0013-1-cropped.tif,Imagine a vast sheet of paper on which straight Lines Triangles Squares Pentagons Hexagons and other figures instead of remaining fixed in their places move freely about on surface but without the power of rising above or sinking below it very much like shadows only hard and with luminous edges and you will then have a pretty correct notion of my country and countrymen Alas a few years ago I should have said my universe but now my mind has been opened to higher views of things
0013-2-cropped.tif,And fortune on his damned quarrel smiling Show'd like a rebel's whore but all's too weak For brave Nomacs well he deserves that name Disdaining fortune with his brandish'd steel Which smoked with bloody execution Like valour's minion carved out his passage Till he faced the slave
0013-3-cropped.tif,Mail�fterl is an Austrian nickname for the first computer working solely on transistors on the European mainland It was built in 1955 at the Vienna University of Technology by Heinz Zemanek The builder plays on a quote on an operating computer If it is not the rapid calculation speed of American models that Whirlwind or Typhoon can achieve it will be enough for a Wiener Mail�fterl The full name is Bin�r dezimaler Volltransistor-Rechen- automat
0013-4-cropped.tif,When we look to the individuals of the same variety or sub-variety of our older cultivated plants and animals one of the first points which strikes us is that they generally differ much more from each other than do the individuals of any one species or variety in a state of nature
0013-6-cropped.tif,Werd ich zum Augenblicke sagen Verweile doch du bist so sch�n Dann magst du mich in Fesseln schlagen Dann will ich gern zu Grunde gehn Dann mag die Todtenglocke schallen Dann bist du deines Dienstes frey Die Uhr mag stehn der Zeiger fallen Es sey die Zeit f�r mich vorbey
0013-7-cropped.tif,You have killed my love You used to stir my imagination Now you don't even stir my curiosity You simply produce no effect I loved you because you were marvellous because you had genius and intellect because you realised the dreams of great poets and gave shape and substance to the shadows of art You have thrown it all away You are shallow and stupid
0013-8-cropped.tif,While I gazed this fissure rapidly widened there came a fierce breath of the whirlwind the entire orb of the satellite burst at once upon my sight my brain reeled as I saw the mighty walls rushing asunder there was a long tumultuous shouting sound like the voice of a thousand waters and the deep and dank tarn at my feet closed sullenly and silently over the fragments of the House of Usher
0014-1-cropped.tif,Imagine a vast sheet of paper on which straight Lines Triangles Squares Pentagons Hexagons and other figures instead of remaining fixed in their places move freely about on or in the surface but without the power of rising above or sinking below it very much like shadows only hard and with luminous edges and you will then have a pretty correct notion of my country and countrymen Alas a few years ago I should have said my universe but now my mind has been opened to higher views of things
0014-2-cropped.tif,And fortune on his damned quarrel smiling Show'd like a rebel's whore but all's too weak For brave Nomacs well he deserves that name Disdaining fortune with his brandish'd steel Which smoked with bloody execution Like valour's minion carved out his passage Till he faced the slave
0014-3-cropped.tif,Mail�fterl is an Austrian nickname for the first computer working solely on transistors on the European mainland It was built in 1955 at the Vienna University of Technology by Heinz Zemanek The builder plays on a quote on an operating computer If it is not the rapid calculation speed of American models that Whirlwind or Typhoon can achieve it will be enough for a Wiener Mail�fterl The full name is Bin�r dezimaler Volltransistor-Rechenautomat
0014-4-cropped.tif,When we look to the individuals of the same variety or sub-variety of our older cultivated plants and animals one of the first points which strikes us is that they generally differ much more from each other than do the individuals of any species or variety in a state of nature
0014-6-cropped.tif,Werd ich zum Augenblicke sagen Verweile doch du bist so sch�n Dann magst du mich in Fesseln schlagen Dann will ich gern zu Grunde gehn Dann mag die Todtenglocke schallen Dann bist du deines Dienstes frey Die Uhr mag stehn der Zeiger fallen Es sey die Zeit f�r mich vorbey
0014-7-cropped.tif,You have killed my love You used to stir my imagination Now you don't even stir my curiosity You simply produce no effect I loved you because you were marvellous because you had genius and intellect because you realised the dreams of great poets and gave shape and substance to the shadows of art You have thrown it all away You are shallow and stupid
0014-8-cropped.tif,While I gazed this fissure rapidly widened there came a fierce breath of the whirlwind the entire orb of the satellite burst at once upon my sight my brain reeled as I saw the mighty walls rushing asunder there was a long tumultuous shouting sound like the voice of a thousand waters and the deep and dank tarn at my feet closed sullenly and silently over the fragments of the House of Usher
0015-1-cropped.tif,Imagine a vast sheet of paper on which straight Lines Squares Pentagons Hexagons and other figures instead of remaining fixed in their places move freely about on or in the surface but without the power of rising above or sinking below it very much like sha- dows only hard and with luminous edges and you will then have a pretty correct notion of my country and countrymen Alas a few years ago I should have said my universe but now my mind has been opened to higher views of things
0015-2-cropped.tif,And fortune on his damned quarrel smiling Show'd like a rebel's whore but all's too weak For brave Nomacs well he deserves that name Disdaining fortune with his brandish'd steel Which smoked with bloody execution Like valour's minion carved out his passage Till he faced the slave
0015-3-cropped.tif,Mail�fterl is an Austrian nickname for the first computer working solely on transistors on the European mainland It was built in 1955 at the Vienna University of Technology by Heinz Zemanek The builder plays on a quote on an operating computer If it is not the rapid calculation speed of American models that Whirlwind or Typhoon can achieve it will be enough for a Wiener Mail�fterl The full name is Bin�r dezimaler Volltransistor-Rechenautomat
0015-4-cropped.tif,When we look to the individuals of the same variety or sub-variety of our older cultivated plants and animals one of the first points which strikes us is that they generally differ much more from each other than do the individuals of any one species or variety in a state of nature
0015-6-cropped.tif,Werd ich zum Augenblicke sagen Verweile doch du bist so sch�n Dann magst du mich in Fesseln schlagen Dann will ich gern zu Grunde gehn Dann mag die Todtenglocke schallen Dann bist du deines Dienstes frey Die Uhr mag stehn der Zeiger fallen Es sey die Zeit f�r mich vorbey
0015-7-cropped.tif,You have killed my love You used to stir my imagination Now you don't even stir my curiosity You simply produce no effect I loved you because you were marvellous because you had genius and intellect because you realised the dreams of great poets and gave shape and substance to the shadows of art You have thrown it all away You are shallow and stupid
0015-8-cropped.tif,While I gazed this fissure rapidly widened there came a fierce breath of the whirlwind the entire orb of the satellite burst at once upon my sight my brain reeled as I saw the mighty walls rushing asunder there was a long tumultuous shouting sound like the voice of a thousand waters and the deep and dank tarn at my feet closed sullenly and silently over the fragments of the House of Usher
0016-1-cropped.tif,Imagine a vast sheet of paper on which straight Lines Triangles Squares Pentagons Hexagons and other figures instead of remaining fixed in their places move freely about on or in the surface but without the power of rising above or sinking below it very much like shadows only hard and with luminous edges and you will then have a pretty correct notion of my country and countrymen Alas a few years ago I should have said my universe but now my mind has been opened to higher views of things
0016-2-cropped.tif,And fortune on his damned quarrel smiling Show'd like a rebel's whore but all's too weak For brave Nomacs well he deserves that name Disdaining fortune with his brandish'd steel Which smoked with bloody execution Like valour's minion carved out his passage Till he faced the slave
0016-3-cropped.tif,Mail�fterl is an Austrian nickname for the first computer working solely on transistors on the European mainland It was built in 1955 at the Vienna University of Technology by Heinz Zemanek The builder plays on a quote on an operating computer If it is not the rapid calculation speed of American models that Whirlwind or Typhoon can achieve it will be enough for a Wiener Mail�fterl The full name is Bin�r dezimaler Volltransistor-Rechenautomat
0016-4-cropped.tif,When we look to the individuals of the same variety or sub-variety of our older cultivated plants and animals one of the first points which strikes us is that they generally differ much more from each other than do the individuals of any one species or variety in a state of nature
0016-6-cropped.tif,Werd ich zum Augenblicke sagen Verweile doch du bist so sch�n Dann magst du mich in Fesseln schlagen Dann will ich gern zu Grunde gehn Dann mag die Todtenglocke schallen Dann bist du deines Dienstes frey Die Uhr mag stehn der Zeiger fallen Es sey die Zeit f�r mich vorbey
0016-7-cropped.tif,You have killed my love You used to stir my imagination Now you don't even stir my curiosity You simply produce no effect I loved you because you were marvellous because you had genius and intellect because you realised the dreams of great poets and gave shape and substance to the shadows of art You have thrown it all away You are shallow and stupid
0016-8-cropped.tif,While I gazed this fissure rapidly widened there came a fierce breath of the whirlwind the entire orb of the satellite burst at once upon my sight my brain reeled as I saw the mighty walls rushing asunder there was a long tumultuous shouting sound like the voice of a thousand waters and the deep and dank tarn at my feet closed sullenly and silently over the fragments of the House of Usher
0017-1-cropped.tif,Imagine a vast sheet of paper on which straight Lines Triangles Squares Pentagons Hexagons and other figures instead of remaining fixed in their places move freely about on or in the surface but without the power of rising above or sinking below it very much like shadows only hard and with luminous edges and you will then have a pretty correct notion of my country and countrymen Alas a few years ago I should have said my universe but now my mind has been opened to higher views of things
0017-2-cropped.tif,And fortune on his damned quarrel smiling Show'd like a rebel's whore but all's too weak For brave Nomacs well he deserves that name Disdaining fortune with his brandish'd steel Which smoked with bloody execution Like valour's minion carved out his passage Till he faced the slave
0017-3-cropped.tif,Mail�fterl is an Austrian nickname for the first computer working solely on transistors on the European mainland It was built in 1955 at the Vienna University of Technology by Heinz Zemanek The builder plays on a quote on an operating computer If it is not the rapid calculation speed of American models that Whirlwind or Typhoon can achieve it will be enough for a Wiener Mail�fterl The full name is Bin�r dezimaler Volltransistor-Rechenautomat
0017-4-cropped.tif,When we look to the individuals of the same variety or sub-variety of our older cultivated plants and animals one of the first points which strikes us is that they generally differ much more from each other than do the individuals of any one species or variety in a state of nature
0017-6-cropped.tif,Werd ich zum Augenblicke sagen Verweile doch du bist so sch�n Dann magst du mich in Fesseln schlagen Dann will ich gern zu Grunde gehn Dann mag die Todtenglocke schallen Dann bist du deines Dienstes frey Die Uhr mag stehn der Zeiger fallen Es sey die Zeit f�r mich vorbey
0017-7-cropped.tif,You have killed my love You used to stir my imagination Now you don't even stir my curiosity You simply produce no effect I loved you because you were marvellous because you had genius and intellect because you realised the dreams of great poets and gave shape and substance to the shadows of art You have thrown it all away You are shallow and stupid
0017-8-cropped.tif,While I gazed this fissure rapidly widened there came a fierce breath of the whirlwind the entire orb of the satellite burst at once upon my sight my brain reeled as I saw the mighty walls rushing asunder there was a long tumultuous shouting sound like the voice of a thousand waters and the deep and dank tarn at my feet closed sullenly and silently over the fragments of the House of Usher
0018-1-cropped.tif,Imagine a vast sheet of paper on which straight Lines Triangles Squares Pentagons Hexagons and other figures instead of remaining fixed in their places move freely about on or in the surface but without the power of rising above or sinking below it very much like shadows only hard and with luminous edges and you will then have a pretty correct notion of my country and countrymen Alas a few years ago I should have said my universe but now my mind has been opened to higher views of things
0018-2-cropped.tif,And fortune on his damned quarrel smiling Show'd like a rebel's whore but all's too weak For brave Nomacs well he deserves that name Disdaining fortune with his brandish'd steel Which smoked with bloody execution Like valour's minion carved out his passage Till he faced the slave
0018-3-cropped.tif,Mail�fterl is an Austrian nickname for the first computer working solely on transistors on the European mainland It was built in 1955 at the Vienna University of Technology by Heinz Zemanek The builder plays on a quote on an operating computer If it is not the rapid calculation speed of American models that Whirlwind or Typhoon can achieve it will be enough for a Wiener Mail�fterl The full name is Bin�r dezimaler Volltransistor-Rechenautomat
0018-4-cropped.tif,When we look to the individuals of the same variety or sub-variety of our older cultivated plants and animals one of the first points which strikes us is that they generally differ much more from each other than do the individuals of any one species or variety in a state of nature
0018-6-cropped.tif,Werd ich zum Augenblicke sagen Verweile doch du bist so sch�n Dann magst du mich in Fesseln schlagen Dann will ich gern zu Grunde gehn Dann mag die Todtenglocke schallen Dann bist du deines Dienstes frey Die Uhr mag stehn der Zeiger fallen Es sey die Zeit f�r mich vorbey
0018-7-cropped.tif,You have killed my love You used to stir my imagination Now you don't even stir my curiosity You simply produce no effect I loved you because you were marvellous because you had genius and intellect because you realised the dreams of great poets and gave shape and substance to the shadows of art You have thrown it all away You are shallow and stupid
0018-8-cropped.tif,While I gazed this fissure rapidly widened there came fierce breath of the whirlwind the entire orb of the satellite burst at once upon my sight my brain reeled as I saw the mighty walls rushing asunder there was a long tumultuous shouting like the voice of thousand waters and the deep and dank tarn at my feet closed sullenly and silently over the fragments of the House of Usher
0020-1-cropped.tif,Imagine a vast sheet of paper on which straight Lines Triangles Squares Pentagons Hexagons and other figures instead of remaining fixed in their places move freely about on or in the surface but without the power of rising above or sinking below it very much like shadows only hard and with luminous edges and you will then have a pretty correct notion of my country and countrymen Alas a few years ago I should have said my universe but now my mind has been opened to higher views of things
0020-2-cropped.tif,And fortune on his damned quarrel smiling Show'd like a rebel's whore but all's too weak For brave Nomacs well he deserves that name Disdaining fortune with his brandish'd steel Which smoked with bloody execution Like valour's minion carved out his passage Till he faced the slave
0020-3-cropped.tif,Mail�fterl is an Austrian nickname for the first computer working solely on transistors on the European mainland It was built in 1955 at the Vienna University of Technology by Heinz Zemanek The builder plays on a quote on an operating computer If it is not the rapid calcula- tion speed of American models that Whirlwind or Typhoon can achieve it will be enough for a Wiener Mail�fterl The full name is Bin�r dezimaler Volltransistor-Rechenautomat
0020-4-cropped.tif,When we look to the individuals of the same variety or sub-variety of our older cultivated plants and animals one of the first points which strikes us is that they generally differ much more from each other than do the individuals of any one species or variety in a state of nature
0020-6-cropped.tif,Werd ich zum Augenblicke sagen Verweile doch du bist so sch�n Dann magst du mich in Fesseln schlagen Dann will ich gern zu Grunde gehn Dann mag die Todtenglocke schallen Dann bist du deines Dienstes frey Die Uhr mag stehn der Zeiger fallen Es sey die Zeit f�r mich vorbey
0020-7-cropped.tif,You have killed my love You used to stir my imagination Now you don't even stir my curiosity You simply produce no effect I loved you because you were marvellous because you had genius and intellect because you realised the dreams of great poets and gave shape and substance to the shadows of art You have thrown it all away You are shallow and stupid
0020-8-cropped.tif,While I gazed this fissure rapidly widened there came a fierce breath of the whirlwind the entire orb of the satellite burst at once upon my sight my brain reeled as I saw the mighty walls rushing asunder there was a long tumultuous shouting sound like the voice of a thousand waters and the deep and dank tarn at my feet closed sullenly and silently over the fragments of the House of Usher
0021-1-cropped.tif,Imagine a vast sheet of paper on which straight Lines Triangles Squares Pentagons Hexagons and other figures instead of remaining fixed in their places move freely about on or in the surface but without the power of rising above or sinking below it very much like shadows only hard and with luminous edges and you will then have a pretty correct notion of my country and countrymen Alas a few years ago I should have said my universe but now my mind has been opened to higher views of things
0021-2-cropped.tif,And fortune on his damned quarrel smiling Show'd like a rebel's whore but all's too weak For brave Nomacs well he deserves that name Disdaining fortune with his brandish'd steel Which smoked with bloody execution Like valour's minion carved out his passage Till he faced the slave
0021-3-cropped.tif,Mail�fterl is an Austrian nickname for the first computer working solely on transistors on the European mainland It was built in 1955 at the Vienna University of Technology by Heinz Zemanek The builder plays on a quote on an operating computer If it is not the rapid calculation speed of American models that Whirlwind or Typhoon can achieve it will be enough for a Wiener Mail�fterl The full name is Bin�r dezimaler Volltransistor-Rechenautomat
0021-4-cropped.tif,When we look to the individuals of the same variety or sub-variety of our older cultivated plants and animals one of the first points which strikes us is that they generally differ much more from each other than do the individuals of any one species or variety in a state of nature
0021-6-cropped.tif,Werd ich zum Augenblicke sagen Verweile doch du bist so sch�n Dann magst du mich in Fesseln schlagen Dann will ich gern zu Grunde gehn Dann mag die Todtenglocke schallen Dann bist du deines Dienstes frey Die Uhr mag stehn der Zeiger fallen Es sey die Zeit f�r mich vorbey
0021-7-cropped.tif,You have killed my love You used to stir my imagination Now you don't even stir my curiosity You simply produce no effect I loved you because you were marvellous because you had genius and intellect because you realised the dreams of great poets and gave shape and substance to the shadows of art You have thrown it all away You are shallow and stupid
0021-8-cropped.tif,While I gazed this fissure rapidly widened there came a fierce breath of the whirlwind the entire orb of the satellite burst at once upon my sight my brain reeled as I saw the mighty walls rushing asunder there was a long tumultuous shouting sound like the voice of a thousand waters and the deep and dank tarn at my feet closed sullenly and silently over the fragments of the House of Usher
0022-1-cropped.tif,Imagine a vast sheet of paper on which straight Lines Triangles Squares Pentagons Hexagons and other figures instead of remaining fixed in their places move freely about on or in the surface but without the power of rising above or sinking below it very much like shadows only hard and with luminous edges and you will then have a pretty correct notion of my country and countrymen Alas a few years ago I should have said my universe but now my mind has been opened to higher views of things
0022-2-cropped.tif,And fortune on his damned quarrel smiling Show'd like a rebel's whore but all's too weak For brave Nomacs well he deserves that name Disdaining fortune with his brandish'd steel Which smoked with bloody execution Like valour's minion carved out his passage Till he faced the slave
0022-3-cropped.tif,Mail�fterl is an Austrian nickname for the first computer working solely on transistors on the European mainland It was built in 1955 at the Vienna University of Technology by Heinz Zemanek The builder plays on a quote on an operating computer If it is not the rapid calculation speed of American models that Whirlwind or Typhoon can achieve it will be enough for a Wiener Mail�fterl The full name is Bin�r dezimaler Volltransistor-Rechenautomat
0022-4-cropped.tif,When we look to the individuals of the same variety or sub-variety of our older cultivated plants and animals one of the first points which strikes us is that they generally differ much more from each other than do the individuals of any one species or variety in a state of nature
0022-6-cropped.tif,Werd ich zum Augenblicke sagen Verweile doch du bist so sch�n Dann magst du mich in Fesseln schlagen Dann will ich gern zu Grunde gehn Dann mag die Todtenglocke schallen Dann bist du deines Dienstes frey Die Uhr mag stehn der Zeiger fallen Es sey die Zeit f�r mich vorbey
0022-7-cropped.tif,You have killed my love You used to stir my imagination Now you don't even stir my curiosity You simply produce no effect I loved you because you were marvellous because you had genius and intellect because you realised the dreams of great poets and gave shape and substance to the shadows of art You have thrown it all away You are shallow and stupid
0022-8-cropped.tif,While I gazed this fissure rapidly widened there came a fierce breath of the whirlwind the entire orb of the satellite burst at once upon my sight my brain reeled as I saw the mighty walls rushing asunder there was a long tumultuous shouting sound like the voice of a thousand waters and the deep and dank tarn at my feet closed sullenly and silently over the fragments of the House of Usher
0023-1-cropped.tif,Imagine a vast sheet of paper on which straight Lines Triangles Squares Pentagons Hexagons and other figures instead of remaining fixed in their places move freely about on or in the surface but without the power of rising above or sinking below it very much like shadows only hard and with luminous edges and you will then have a pretty correct notion of my country and countrymen Alas a few years ago I should have said my universe but now my mind has been opened to higher views of things
0023-2-cropped.tif,And fortune on his damned quarrel smiling Show'd like a rebel's whore but all's too weak For brave Nomacs well he deserves that name Disdaining fortune with his brandish'd steel Which smoked with bloody execution Like valour's minion carved out his passage Till he faced the slave
0023-3-cropped.tif,Mail�fterl is an Austrian nickname for the first computer working solely on transistors on the European mainland It was built in 1955 at the Vienna University of Technology by Heinz Zemanek The builder plays on a quote on an operating computer If it is not the rapid calculation speed of American models that Whirlwind or Typhoon can achieve it will be enough for a Wiener Mail�fterl The full name is Bin�r dezimaler Volltransistor-Rechenautomat
0023-4-cropped.tif,When we look to the individuals of the same variety or sub-variety of our older cultivated plants and animals one of the first points which strikes us is that they generally differ much more from each other than do the individuals of any one species or variety in a state of nature
0023-6-cropped.tif,Werd ich zum Augenblicke sagen Verweile doch du bist so sch�n Dann magst du mich in Fesseln schlagen Dann will ich gern zu Grunde gehn Dann mag die Todtenglocke schallen Dann bist du deines Dienstes frey Die Uhr mag stehn der Zeiger fallen Es sey die Zeit f�r mich vorbey
0023-7-cropped.tif,You have killed my love You used to stir my imagination Now you don't even stir my curiosity You simply produce no effect I loved you because you were marvellous because you had genius and intellect because you realised the dreams of great poets and gave shape and substance to the shadows of art You have thrown it all away You are shallow and stupid
0023-8-cropped.tif,While I gazed this fissure rapidly widened there came a fierce breath of the whirlwind the entire orb of the satellite burst at once upon my sight my brain reeled as I saw the mighty walls rushing asunder there was a long tumultuous shouting sound like the voice of a thousand waters and the deep and dank tarn at my feet closed sullenly and silently over the fragments of the House of Usher
0024-1-cropped.tif,Imagine a vast sheet of paper on which straight Lines Triangles Squares Pentagons Hexagons and other figures instead of remaining fixed in their places move freely about on or in the surface but without the power of rising above or sinking below it very much like shadows only hard and with luminous edges and you will then have a pretty correct notion of my country and countrymen Alas a few years ago I should have said my universe but now my mind has been opened to higher views of things
0024-2-cropped.tif,And fortune on his damned quarrel smiling Show'd like a rebel's whore but all's too weak For brave Nomacs well he deserves that name Disdaining fortune with his brandish'd steel Which smoked with bloody execution Like valour's minion carved out his passage Till he faced the slave
0024-3-cropped.tif,Mail�fterl is an Austrian nickname for the first computer working solely on transistors on the European mainland It was built in 1955 at the Vienna University of Technology by Heinz Zemanek The builder plays on a quote on an operating computer If it is not the rapid calculation speed of American models that Whirlwind or Typhoon can achieve it will be enough for a Wiener Mail�fterl The full name is Bin�r dezimaler Volltransistor-- Rechenautomat
0024-4-cropped.tif,When we look to the individuals of the same variety or sub-variety of our older cultivated plants and animals one of the first points which strikes us is that they generally differ much more from each other than do the individuals of any one species or variety in a state of nature
0024-6-cropped.tif,Werd ich zum Augenblicke sagen Verweile doch du bist so sch�n Dann magst du mich in Fesseln schlagen Dann will ich gern zu Grunde gehn Dann mag die Todtenglocke schallen Dann bist du deines Dienstes frey Die Uhr mag stehn der Zeiger fallen Es sey die Zeit f�r mich vorbey
0024-7-cropped.tif,You have killed my love You used to stir my imagination Now you don't even stir my curiosity You simply produce no effect I loved you because you were marvellous because you had genius and intellect because you realised the dreams of great poets and gave shape and substance to the shadows of art You have thrown it all away You are shallow and stupid
0024-8-cropped.tif,While I gazed this fissure rapidly widened there came a fierce breath of the whirlwind the entire orb of the satellite burst at once upon my sight my brain reeled as I saw the mighty walls rushing asunder there was a long tumultuous shouting sound like the voice of a thousand waters and the deep and dank tarn at my feet closed sullenly and silently over the fragments of the House of Usher
0025-1-cropped.tif,Imagine a vast sheet of paper on which straight Lines Triangles Squares Pentagons Hexagons and other figures instead of remaining fixed in their places move freely about on or in the surface but without the power of rising above or sinking below it very much like shadows only hard and with luminous edges and you will then have a pretty correct notion of my country and countrymen Alas a few years ago I should have said my universe but now my mind has been opened to higher views of things
0025-2-cropped.tif,And fortune on his damned quarrel smiling Show'd like a rebel's whore but all's too weak For brave Nomacs well he deserves that name Disdaining fortune with his brandish'd steel Which smoked with bloody execution Like valour's minion carved out his passage Till he faced the slave
0025-3-cropped.tif,Mail�fterl is an Austrian nickname for the first computer working solely on tran- sistors on the European mainland It was built in 1955 at the Vienna University of Technology by Heinz Zemanek The builder plays on a quote on an operating computer If it is not the rapid calculation speed of American models that Whirlwind or Typhoon can achieve it will be enough for a Wiener Mail�fterl The full name is Bin�r dezimaler Volltransistor-Rechenau- tomat
0025-4-cropped.tif,When we look to the individuals of the same variety or sub-variety of our older culti- vated plants and animals one of the first points which strikes us is that they generally differ much more from each other than do the individuals of any one species or variety in a state of nature
0025-6-cropped.tif,Werd ich zum Augenblicke sagen Verweile doch du bist so sch�n Dann magst du mich in Fesseln schlagen Dann will ich gern zu Grunde gehn Dann mag die Todtenglocke schallen Dann bist du deines Dienstes frey Die Uhr mag stehn der Zeiger fallen Es sey die Zeit f�r mich vorbey
0025-7-cropped.tif,You have killed my love You used to stir my imagination Now you don't even stir my curiosity You simply produce no effect I loved you because you were marvellous because you had genius and intellect because you realised the dreams of great poets and gave shape and substance to the shadows of art You have thrown it all away You are shallow and stupid
0025-8-cropped.tif,While I gazed this fissure rapidly widened there came a fierce breath of the whirlwind the entire orb of the satellite burst at once upon my sight my brain reeled as I saw the mighty walls rushing asunder there was a long tumultuous shouting sound like the voice of a thousand waters and the deep and dank tarn at my feet closed sullenly and silently over the fragments of the House of Usher
0026-1-cropped.tif,Imagine a vast sheet of paper on which straight Lines Triangles Squares Pentagons Hexagons and other figures instead of remaining fixed in their places move freely about on or in the surface but without the power of rising above or sinking below it very much like shadows only hard and with luminous edges and you will then have a pretty correct notion of my country and countrymen Alas a few years ago I should have said my universe but now my mind has been opened to higher views of things
0026-2-cropped.tif,And fortune on his damned quarrel smiling Show'd like a rebel's whore but all's too weak For brave Nomacs well he deserves that name Disdaining fortune with his brandish'd steel Which smoked with bloody execution Like valour's minion carved out his passage Till he faced the slave
0026-3-cropped.tif,Mail�fterl is an Austrian nickname for the first computer working solely on transistors on the European mainland It was built in 1955 Vienna University of Technology by Heinz Zemanek The builder plays on a quote on an operating computer If it is not the rapid calculation speed of American models that Whirlwind or Typhoon can achieve it will be enough for a Wiener Mail�fterl The full name is Bin�r dezimaler Volltransistor-Rechenautomat
0026-4-cropped.tif,When we look to the individuals of the same variety or sub-- variety of our older cultivated plants and animals one of the first points which strikes us is that they generally differ much more from each other than do the individuals of any one species or variety in a state of nature
0026-6-cropped.tif,Werd ich zum Augenblicke sagen Verweile doch du bist so sch�n Dann magst du mich in Fesseln schlagen Dann will ich gern zu Grunde gehn Dann mag die Todtenglocke schallen Dann bist du deines Dienstes frey Die Uhr mag stehn der Zeiger fallen Es sey die Zeit f�r mich vorbey
0026-7-cropped.tif,You have killed my love You used to stir my imagination Now you don't even stir my curiosity You simply produce no effect I loved you because you were marvellous because you had genius and intellect because you realised the dreams of great poets and gave shape and substance to the shadows of art You have thrown it all away You are shallow and stupid
0026-8-cropped.tif,While I gazed this fissure rapidly widened there came a fierce breath of the whirlwind the entire orb of the satellite burst at once upon my sight my brain reeled as I saw the mighty walls rushing asunder there was a long tumultuous shouting sound like the voice of a thousand waters and the deep and dank tarn at my feet closed sullenly and silently over the fragments of the House of Usher
0027-1-cropped.tif,Imagine a vast sheet of paper on which straight Lines Triangles Squares Pentagons Hexagons and other figures instead of remaining fixed in their places move freely about on or in the surface but without the power of rising above or sinking below it very much like shadows only hard and with luminous edges and you will then have a pretty correct notion of my countrymen Alas a few years ago I should have said my universe but now my mind has been opened to higher views of things
0027-2-cropped.tif,And fortune on his damned quarrel smiling Show'd like a rebel's whore but all's too weak For brave Nomacs well he deserves that name Disdaining fortune with his brandish'd steel Which smoked with bloody execution Like valour's minion carved out his passage Till he faced the slave
0027-3-cropped.tif,Mail�fterl is an Austrian nickname for the first computer working solely on transistors on the European mainland It was built in 1955 at the Vienna University of Technology by Heinz Zemanek The builder plays on a quote on an operating computer If it is not the rapid calculation speed of American models that Whirlwind or Typhoon can achieve it will be enough for a Wiener Mail�fterl The full name is Bin�r dezimaler Volltransistor-- Rechenautomat
0027-4-cropped.tif,When we look to the individuals of the same variety or sub-variety of our older cultivated plants and animals one of the first points which strikes us is that they generally differ much more from each other than do the individuals of any one species or variety in a state of nature
0027-6-cropped.tif,Werd ich zum Augenblicke sagen Verweile doch du bist so sch�n Dann magst du mich in Fesseln schlagen Dann will ich gern zu Grunde gehn Dann mag die Todtenglocke schallen Dann bist du deines Dienstes frey Die Uhr mag stehn der Zeiger fallen Es sey die Zeit f�r mich vorbey
0027-7-cropped.tif,You have killed my love You used to stir my imagination Now you don't even stir my curiosity You simply produce no effect I loved you because you were marvellous because you had genius and intellect because you realised the dreams of great poets and gave shape and substance to the shadows of art You have thrown it all away You are shallow and stupid
0027-8-cropped.tif,While I gazed this fissure rapidly widened there came a fierce breath of the whirlwind the entire orb of the satellite burst at once upon my sight my brain reeled as I saw the mighty walls rushing asunder there was a long tumultuous shouting sound like the voice of a thousand waters and the deep and dank tarn at my feet closed sullenly and silently over the fragments of the House of Usher
0028-1-cropped.tif,Imagine a vast sheet of paper on which straight Lines Triangles Squares Pentagons Hexagons and other figures instead of remaining fixed in their places move freely about on or in the surface but without the power of rising above or sinking below it very much like shadows only hard and with luminous edges and you will then have a pretty correct notion of my country and countrymen Alas a few years ago I should have said my universe but now my mind has been opened to higher views of things
0028-2-cropped.tif,And fortune on his damned quarrel smiling Show'd like a rebel's whore but all's too weak For brave Nomacs well he deserves that name Disdaining fortune with his brandish'd steel Which smoked with bloody execution Like valour's minion carved out his passage Till he faced the slave
0028-3-cropped.tif,Mail�fterl is an Austrian nickname for the first computer working solely on transistors on the European mainland It was built in 1955 at the Vienna University of Technology by Heinz Zemanek The builder plays on a quote on an operating computer If it is not the rapid calculation speed of American models that Whirlwind or Typhoon can achieve it will be enough for a Wiener Mail�fterl The full name is Bin�r dezimaler Volltransistor-Rechenautomat
0028-4-cropped.tif,When we look to the individuals of the same variety or sub-variety of our older cultivated plants and animals one of the first points which strikes us is that they generally differ much more from each other than do the individuals of any one species or variety in a state of nature
0028-6-cropped.tif,Werd ich zum Augenblicke sagen Verweile doch du bist so sch�n Dann magst du mich in Fesseln schlagen Dann will ich gern zu Grunde gehn Dann mag die Todtenglocke schallen Dann bist du deines Dienstes frey Die Uhr mag stehn der Zeiger fallen Es sey die Zeit f�r mich vorbey
0028-7-cropped.tif,You have killed my love You used to stir my imagination Now you don't even stir my curiosity You simply produce no effect I loved you because you were marvellous because you had genius and intellect because you realised the dreams of great poets and gave shape and substance to the shadows of art You have thrown it all away You are shallow and stupid
0028-8-cropped.tif,While I gazed this fissure rapidly widened there came a fierce breath of the whirlwind the entire orb of the satellite burst at once upon my sight my brain reeled as I saw the mighty walls rushing asunder there was a long tumultuous shouting sound like the voice of a thousand waters and the deep and dank tarn at my feet closed sullenly and silently over the fragments of the House of Usher
0029-1-cropped.tif,Imagine a vast sheet of paper on which straight Lines Triangles Squares Pentagons Hexagons and other figures instead of remaining fixed in their places move freely about on or in the surface but without the power of rising above or sinking below it very much like shadows only hard and with luminous edges and you will then have a pretty correct notion of my country and countrymen Alas a few years ago I should have said my universe but now my mind has been opened to higher views of things
0029-2-cropped.tif,And fortune on his damned quarrel smiling Show'd like a rebel's whore but all's too weak For brave Nomacs well he deserves that name Disdaining fortune with his brandish'd steel Which smoked with bloody execution Like valour's minion carved out his passage Till he faced the slave
0029-3-cropped.tif,Mail�fterl is an Austrian nickname for the first computer working solely on transistors on the European mainland It was built in 1955 at the Vienna University of Technology by Heinz Zemanek The builder plays on a quote on an operating computer If it is not the rapid calculation speed of American models that Whirlwind or Typhoon can achieve it will be enough for a Wiener Mail�fterl The full name is Bin�r dezimaler Volltransistor-Rechen- automat
0029-4-cropped.tif,When we look to the individuals of the same variety or sub-variety of our older cultivated plants and animals one of the first points which strikes us is that they generally differ much more from each other than do the individuals of any one species or variety in a state of nature
0029-6-cropped.tif,Werd ich zum Augenblicke sagen Verweile doch du bist so sch�n Dann magst du mich in Fesseln schlagen Dann will ich gern zu Grunde gehn Dann mag die Todtenglocke schallen Dann bist du deines Dienstes frey Die Uhr mag stehn der Zeiger fallen Es sey die Zeit f�r mich vorbey
0029-7-cropped.tif,You have killed my love You used to stir my imagination Now you don't even stir my curiosity You simply produce no effect I loved you because you were marvellous because you had genius and intellect because you realised the dreams of great poets and gave shape and substance to the shadows of art You have thrown it all away You are shallow and stupid
0029-8-cropped.tif,While I gazed this fissure rapidly widened there came a fierce breath of the whirlwind the entire orb of the satellite burst at once upon my sight my brain reeled as I saw the mighty walls rushing asunder there was a long tumultuous shouting sound like the voice of a thousand waters and the deep and dank tarn at my feet closed sullenly and silently over the fragments of the House of Usher
0041-1-cropped.tif,Imagine a vast sheet paper on which straight Lines Triangles Squares Pentagons Hexagons and other figures instead of remaining fixed in their places move freely about on or in the surface but without the power of rising above or sinking below it very much like shadows only hard and with luminous edges and you will then have a pretty correct notion of my country and countrymen Alas a few years ago I should have said my universe but now my mind has been opened to higher views of things
0041-2-cropped.tif,And fortune on his damned quarrel smiling Show'd like a rebel's whore but all's too weak For brave Nomacs well he deserves that name Disdaining fortune with his brandish'd steel Which smoked with bloody execution Like valour's minion carved out his passage Till he faced the slave
0041-3-cropped.tif,Mail�fterl is an Austrian nickname for the first computer working solely on transistors on the European mainland It was built in 1955 at the Vienna University of Technology by Heinz Zemanek The builder plays on a quote on an operating computer If it is not the rapid calculation speed of American models that Whirlwind or Typhoon can achieve it will be enough for a Wiener Mail�fterl The full name is Bin�r dezimaler Volltransistor-Rechenautomat
0041-4-cropped.tif,When we look individuals of the same variety or sub-variety of our older cultivated plants and animals one of the first points which strikes us is that they generally differ much more from each other than do the individuals of any one species or variety in a state of nature
0041-6-cropped.tif,Werd ich zum Augenblicke sagen Verweile doch du bist so sch�n Dann magst du mich in Fesseln schlagen Dann will ich gern zu Grunde gehn Dann mag die Todtenglocke schallen Dann bist du deines Dienstes frey Die Uhr mag stehn der Zeiger fallen Es sey die Zeit f�r mich vorbey
0041-7-cropped.tif,You have killed my love You used to stir my imagination Now you don't even stir my curiosity You simply produce no effect I loved you because you were marvellous because you had genius and intellect because you realised the dreams of great poets and gave shape and substance to the shadows of art You have thrown it all away You are shallow and stupid
0041-8-cropped.tif,While I gazed this fissure rapidly widened there came a fierce breath of the whirlwind the entire orb of the satellite burst at once upon my sight my brain reeled as I saw the mighty walls rushing asunder there was a long tumultuous shouting sound like the voice of thousand waters and the deep and dank tarn at my feet closed sullenly and silently over the fragments of the House of Usher
0042-1-cropped.tif,Imagine a vast sheet of paper on which straight Lines Triangles Squares Pentagons Hexagons and other figures instead of remaining fixed in their places move freely about on or in the surface but without the power of rising above or sinking below it very much like shadows only hard and with luminous edges and you will then have a pretty correct notion of my country and countrymen Alas a few years ago I should have said my universe but now my mind has been opened to higher views of things
0042-2-cropped.tif,And fortune on his damned quarrel smiling Show'd like a rebel's whore but all's too weak For brave Nomacs well he deserves that name Disdaining fortune with his brandish'd steel Which smoked with bloody execution Like valour's minion carved out his passage Till he faced the slave
0042-3-cropped.tif,Mail�fterl is an Austrian nickname for the first computer working solely on transistors on the European mainland It was built in 1955 at the Vienna University of Technology by Heinz Zemanek The builder plays on a quote on an operating computer If it is not the rapid calculation speed of American models that Whirlwind or Typhoon can achieve it will be enough for a Wiener Mail�fterl The full name is Bin�r dezimaler Volltransistor-Rechenautomat
0042-4-cropped.tif,When we look to the individuals of the same variety or sub-variety of our older cultivated plants and animals one of the first points which strikes us is that they generally differ much more from each other than do the individuals of any one species or variety in a state of nature
0042-6-cropped.tif,Werd ich zum Augenblicke sagen Verweile doch du bist so sch�n Dann magst du mich in Fesseln schlagen Dann will ich gern zu Grunde gehn Dann mag die Todtenglocke schallen Dann bist du deines Dienstes frey Die Uhr mag stehn der Zeiger fallen Es sey die Zeit f�r mich vorbey
0042-7-cropped.tif,You have killed my love You used to stir my imagination Now you don't even stir my curiosity You simply produce no effect I loved you because you were marvellous because you had genius and intellect because you realised the dreams of great poets and gave shape and substance to the shadows of art You have thrown it all away You are shallow and stupid
0042-8-cropped.tif,While I gazed this fissure rapidly widened there came a fierce breath of the whirlwind the entire orb of the satellite burst at once upon my sight my brain reeled as I saw the mighty walls rushing asunder there was a long tumultuous shouting sound like the voice of a thousand waters and the deep and dank tarn at my feet closed sullenly and silently over the fragments of the House of Usher
0047-1-cropped.tif,Imagine a vast sheet of paper on which straight Lines Triangles Squares Pentagons Hexagons and other figures instead of remaining fixed in their places move freely about on or in the surface but without the power of rising above or sinking below it very much like shadows only hard and with luminous edges and you will then have a pretty correct notion of my country and countrymen Alas a few years ago I should have said my universe but now my mind has been opened to higher views of things
0047-2-cropped.tif,And fortune on his damned quarrel smiling Show'd like a rebel's whore but all's too weak For brave Nomacs well he deserves that name Disdaining fortune with his brandish'd steel Which smoked with bloody execution Like valour's minion carved out his passage Till he faced the slave
0047-3-cropped.tif,Mail�fterl is an Austrian nickname for the first computer working solely on transistors on the European mainland It was built in 1955 at the Vienna University of Technology by Heinz Zemanek The builder plays on a quote on an operating computer If it is not the rapid calculation speed of American models that Whirlwind or Typhoon can achieve it will be enough for a Wiener Mail�fterl The full name is Bin�r dezimaler Volltransistor-Rechenautomat
0047-4-cropped.tif,When we look to the individuals of the same variety or sub-variety of our older cultivated plants and animals one of the first points which strikes us is that they generally differ much more from each other than do the individuals of any one species or variety in a state of nature
0047-6-cropped.tif,Werd ich zum Augenblicke sagen Verweile doch du bist so sch�n Dann magst du mich in Fesseln schlagen Dann will ich gern zu Grunde gehn Dann mag die Todtenglocke schallen Dann bist du deines Dienstes frey Die Uhr mag stehn der Zeiger fallen Es sey die Zeit f�r mich vorbey
0047-7-cropped.tif,You have killed my love You used to stir my imagination Now you don't even stir my curiosity You simply produce no effect I loved you because you were marvellous because you had genius and intellect because you realised the dreams of great poets and gave shape and substance to the shadows of art You have thrown it all away You are shallow and stupid
0047-8-cropped.tif,While I gazed this fissure rapidly widened there came a fierce breath of the whirlwind the entire orb of the satellite burst at once upon my sight my brain reeled as I saw the mighty walls rushing asunder there was a long tumultuous shouting sound like the voice of a thousand waters and the deep and dank tarn at my feet closed sullenly and silently over the fragments of the House of Usher
0050-1-cropped.tif,Imagine a vast sheet of paper on which straight Lines Triangles Squares Pentagons Hexagons and other figures instead of remaining fixed in their places move freely about on or in the surface but without the power of rising above or sinking below it very much like shadows only hard and with luminous edges and you will then have a pretty correct notion of my country and countrymen Alas a few years ago I should have said my universe but now my mind has been opened to higher views of things
0050-2-cropped.tif,And fortune on his damned quarrel smiling Show'd like a rebel's whore but all's too weak For brave Nomacs well he deserves that name Disdaining fortune with his brandish'd steel Which smoked with bloody execution Like valour's minion carved out his passage Till he faced the slave
0050-3-cropped.tif,Mail�fterl is an Austrian nickname for the first computer working solely on transistors on the European mainland It was built in 1955 at the Vienna University of Technology by Heinz Zemanek The builder plays on a quote on an operating computer If it is not the rapid calculation speed American models that Whirlwind or Typhoon can achieve it will be enough for a Wiener Mail�fterl The full name is Bin�r dezimaler Volltransistor-Rechenautomat
0050-4-cropped.tif,When we look to the individuals of the same variety or sub-variety of our older cultivated plants and animals one of the first points which strikes us is that they gen- erally differ much more from each other than do the individuals of any one species or variety in a state of nature
0050-6-cropped.tif,Werd ich zum Augenblicke sagen Verweile doch du bist so sch�n Dann magst du mich in Fesseln schlagen Dann will ich gern zu Grunde gehn Dann mag die Todtenglocke schallen Dann bist du deines Dienstes frey Die Uhr mag stehn der Zeiger fallen Es sey die Zeit f�r mich vorbey
0050-7-cropped.tif,You have killed my love You used to stir my imagin- ation Now you don't even stir my curiosity You simply produce no effect I loved you because you were marvellous because you had genius and intellect because you realised the dreams of great poets and gave shape and substance to the shadows of art You have thrown it all away You are shallow and stupid
0050-8-cropped.tif,While I gazed this fissure rapidly widened there came a fierce breath of the whirlwind the entire orb of the satellite burst at once upon my sight my brain reeled as I saw the mighty walls rushing asunder there was a long tumultuous shouting sound like the voice of a thousand waters and the deep and dank tarn at my feet closed sullenly and silently over the fragments of the House of Usher
